seller_id,months_active,category,gmv_monthly,commission_rate,num_orders,avg_order_value,return_rate,return_cost_estimate,support_tickets_monthly,marketing_spend,seller_tier,registration_source,net_margin_contribution,is_active
S0001,3,bags,32829,0.231,218,150.59,0.251,2724,1,1327,standard,referral,4629,0
S0002,20,underwear,12836,0.227,70,183.38,0.115,456,1,2377,standard,paid_campaign,2323,1
S0003,1,outerwear,35949,0.148,201,178.85,0.351,2926,17,3548,negotiated,organic,965,1
S0004,22,outerwear,1933,0.227,5,386.56,0.152,78,2,2263,standard,organic,223,1
S0005,30,jewelry,9376,0.14,43,218.05,0.05,98,6,1602,negotiated,paid_campaign,736,1
S0006,8,jewelry,2152,0.2,5,430.5,0.103,52,0,625,standard,paid_campaign,418,1
S0007,16,outerwear,33099,0.143,98,337.75,0.358,2221,22,2507,negotiated,organic,698,1
S0008,10,underwear,16425,0.169,87,188.79,0.162,661,12,1723,negotiated,organic,1121,1
S0009,2,bags,15464,0.162,37,417.96,0.063,193,18,780,negotiated,partner,911,1
S0010,32,accessories,19928,0.234,170,117.23,0.131,945,1,1863,standard,organic,3548,1
S0011,12,dresses,2940,0.205,13,226.15,0.237,189,2,2277,standard,organic,287,1
S0012,4,shoes,13559,0.155,113,119.99,0.05,190,18,1635,negotiated,partner,568,1
S0013,14,accessories,10935,0.238,108,101.25,0.175,739,0,1591,standard,paid_campaign,1802,1
S0014,25,sportswear,6369,0.212,33,193.0,0.05,92,2,0,standard,paid_campaign,1041,1
S0015,24,dresses,7231,0.231,24,301.31,0.113,229,2,391,standard,organic,1232,1
S0016,31,sportswear,3227,0.214,15,215.15,0.05,46,1,1145,standard,paid_campaign,545,1
S0017,32,dresses,3091,0.23,9,343.39,0.079,67,2,1010,standard,organic,555,1
S0018,31,bags,7079,0.2,22,321.79,0.05,87,0,0,standard,paid_campaign,1304,1
S0019,36,underwear,16044,0.158,154,104.18,0.133,644,14,3488,negotiated,referral,768,1
S0020,34,accessories,2215,0.221,9,246.1,0.083,52,2,0,standard,paid_campaign,272,1
S0021,9,dresses,2977,0.228,9,330.78,0.056,46,0,0,standard,paid_campaign,601,1
S0022,4,jewelry,24732,0.179,57,433.9,0.229,1210,13,4735,negotiated,organic,2083,0
S0023,28,bags,2939,0.217,8,367.36,0.05,38,2,642,standard,organic,440,1
S0024,19,bags,2258,0.206,9,250.84,0.05,30,0,476,standard,organic,405,1
S0025,18,accessories,2700,0.211,42,64.28,0.112,134,2,2029,standard,referral,304,1
S0026,32,bags,8983,0.212,25,359.31,0.169,385,0,830,standard,paid_campaign,1461,1
S0027,3,dresses,41418,0.141,245,169.05,0.522,4967,12,4829,negotiated,referral,-230,1
S0028,32,shoes,2390,0.239,10,239.04,0.105,76,1,900,standard,organic,481,1
S0029,13,dresses,2943,0.213,10,294.34,0.151,117,1,2080,standard,paid_campaign,370,1
S0030,16,shoes,2467,0.205,22,112.15,0.142,119,1,1776,standard,referral,219,1
S0031,36,jewelry,5851,0.237,27,216.71,0.121,217,1,756,standard,organic,1203,1
S0032,32,sportswear,31283,0.14,213,146.87,0.319,2416,18,2029,negotiated,paid_campaign,437,1
S0033,3,bags,3155,0.235,10,315.54,0.077,69,2,0,standard,organic,567,1
S0034,34,shoes,5997,0.239,113,53.07,0.128,400,0,1516,standard,partner,948,1
S0035,32,bags,7478,0.225,46,162.56,0.245,581,1,2144,standard,partner,1010,1
S0036,3,outerwear,7057,0.204,52,135.71,0.106,235,2,341,standard,organic,1028,1
S0037,16,shoes,2333,0.227,14,166.63,0.05,37,0,0,standard,paid_campaign,544,1
S0038,20,outerwear,32115,0.152,169,190.03,0.477,3538,19,4555,negotiated,paid_campaign,-275,1
S0039,26,underwear,14973,0.15,80,187.16,0.095,327,12,2216,negotiated,paid_campaign,958,1
S0040,17,underwear,35148,0.236,181,194.19,0.238,2620,1,652,standard,referral,5461,1
S0041,19,underwear,19699,0.226,148,133.1,0.159,1061,1,180,standard,organic,3179,1
S0042,22,jewelry,19575,0.14,111,176.35,0.183,806,10,1656,negotiated,paid_campaign,1125,1
S0043,24,dresses,10172,0.216,33,308.26,0.168,452,2,1998,standard,referral,1574,1
S0044,27,jewelry,13933,0.237,84,165.87,0.154,703,0,1625,standard,organic,2525,1
S0045,27,bags,2209,0.222,5,441.79,0.05,28,1,1709,standard,referral,429,1
S0046,35,accessories,42048,0.149,677,62.11,0.361,5928,11,2495,negotiated,paid_campaign,-682,1
S0047,14,underwear,3045,0.226,15,203.03,0.079,72,0,0,standard,organic,619,1
S0048,12,outerwear,9428,0.206,26,362.61,0.214,499,2,0,standard,organic,1292,1
S0049,31,bags,11069,0.201,40,276.71,0.05,141,1,0,standard,paid_campaign,1962,1
S0050,26,dresses,2404,0.229,16,150.23,0.169,134,2,1199,standard,paid_campaign,220,1
S0051,21,sportswear,14930,0.142,137,108.98,0.117,488,9,796,negotiated,paid_campaign,950,1
S0052,30,jewelry,6080,0.226,15,405.36,0.129,206,2,616,standard,paid_campaign,1011,1
S0053,9,shoes,6692,0.204,40,167.29,0.095,187,0,0,standard,paid_campaign,1199,1
S0054,33,dresses,20838,0.146,114,182.79,0.369,1754,18,4406,negotiated,referral,-222,1
S0055,2,dresses,1584,0.223,5,316.76,0.127,54,1,2439,standard,organic,298,1
S0056,11,accessories,6413,0.206,33,194.32,0.059,107,2,320,standard,paid_campaign,1016,1
S0057,33,jewelry,2103,0.227,7,300.47,0.05,29,1,1118,standard,organic,367,1
S0058,9,accessories,5071,0.202,47,107.89,0.083,144,1,231,standard,referral,796,1
S0059,2,underwear,4787,0.221,73,65.57,0.209,450,0,2100,standard,paid_campaign,526,1
S0060,30,dresses,22425,0.148,155,144.68,0.295,1665,14,1018,negotiated,partner,503,1
S0061,34,outerwear,7473,0.216,20,373.66,0.192,368,1,632,standard,paid_campaign,1178,1
S0062,32,shoes,4557,0.208,28,162.75,0.115,157,2,0,standard,paid_campaign,637,1
S0063,20,outerwear,18564,0.239,65,285.6,0.153,828,1,1605,standard,referral,3441,1
S0064,30,shoes,3613,0.215,15,240.85,0.05,50,1,0,standard,paid_campaign,576,1
S0065,22,dresses,50264,0.208,350,143.61,0.379,5952,2,462,standard,partner,4055,1
S0066,5,dresses,29280,0.215,106,276.23,0.347,2736,1,1959,standard,organic,3335,1
S0067,9,shoes,16400,0.166,76,215.79,0.184,711,9,3178,negotiated,referral,1220,1
S0068,32,sportswear,6250,0.217,25,250.0,0.123,213,1,0,standard,organic,1045,1
S0069,25,dresses,8164,0.153,26,314.0,0.187,307,22,4258,negotiated,organic,-792,1
S0070,31,jewelry,14721,0.15,38,387.41,0.197,547,19,3248,negotiated,organic,206,1
S0071,24,outerwear,19780,0.22,133,148.73,0.284,1803,1,2061,standard,paid_campaign,2365,1
S0072,29,bags,4281,0.211,9,475.67,0.166,172,2,0,standard,partner,514,1
S0073,22,dresses,22036,0.14,110,200.33,0.315,1492,7,2187,negotiated,organic,953,1
S0074,34,accessories,1026,0.218,5,205.23,0.107,32,0,146,standard,paid_campaign,227,1
S0075,33,jewelry,16124,0.152,64,251.95,0.119,406,19,783,negotiated,referral,586,1
S0076,25,dresses,6113,0.227,32,191.02,0.097,181,2,262,standard,partner,1001,1
S0077,12,underwear,37013,0.169,198,186.94,0.318,2934,8,3972,negotiated,referral,2564,0
S0078,3,accessories,24531,0.145,219,112.02,0.225,1539,19,666,negotiated,organic,477,1
S0079,28,underwear,6556,0.226,33,198.66,0.076,150,1,1974,standard,partner,1247,1
S0080,12,shoes,15194,0.22,133,114.24,0.128,683,2,0,standard,paid_campaign,2510,1
S0081,4,underwear,2130,0.217,12,177.5,0.05,32,2,1173,standard,organic,242,1
S0082,25,accessories,1355,0.231,24,56.48,0.086,58,0,0,standard,partner,269,1
S0083,12,sportswear,4077,0.203,32,127.4,0.099,129,0,1055,standard,paid_campaign,718,1
S0084,29,accessories,4242,0.24,20,212.1,0.207,273,1,2497,standard,partner,615,0
S0085,13,outerwear,8755,0.222,47,186.29,0.206,546,1,2143,standard,referral,1314,1
S0086,31,shoes,19320,0.146,90,214.67,0.193,805,22,1084,negotiated,referral,254,1
S0087,33,outerwear,6369,0.227,47,135.52,0.136,293,1,0,standard,partner,1026,1
S0088,36,sportswear,2100,0.228,12,175.0,0.114,75,1,1345,standard,organic,312,1
S0089,2,underwear,8150,0.164,34,239.71,0.146,270,9,1270,negotiated,organic,388,1
S0090,26,sportswear,19153,0.153,309,61.98,0.202,1528,5,2741,negotiated,organic,953,1
S0091,36,underwear,1967,0.213,20,98.35,0.15,108,2,2471,standard,organic,120,1
S0092,30,dresses,3605,0.24,20,180.24,0.166,193,1,840,standard,partner,622,1
S0093,17,dresses,10678,0.159,48,222.46,0.216,522,20,1786,negotiated,referral,-432,1
S0094,8,jewelry,26105,0.162,142,183.84,0.255,1622,7,2239,negotiated,organic,1964,1
S0095,34,dresses,22205,0.152,84,264.34,0.407,1886,17,2750,negotiated,paid_campaign,63,1
S0096,24,jewelry,26621,0.17,90,295.79,0.236,1387,14,3172,negotiated,organic,1976,1
S0097,25,jewelry,33820,0.143,210,161.05,0.291,2324,12,3746,negotiated,referral,1382,0
S0098,4,jewelry,1658,0.206,5,331.54,0.124,52,2,0,standard,referral,170,1
S0099,17,underwear,3980,0.238,45,88.45,0.05,81,1,922,standard,paid_campaign,755,1
S0100,35,sportswear,4921,0.208,20,246.03,0.082,109,2,1252,standard,paid_campaign,776,1
S0101,18,sportswear,19131,0.15,247,77.45,0.257,1690,16,4658,negotiated,referral,-104,1
S0102,7,shoes,2247,0.221,29,77.49,0.05,47,2,0,standard,referral,315,0
S0103,6,sportswear,2122,0.235,22,96.44,0.055,46,1,579,standard,referral,344,1
S0104,19,jewelry,3831,0.237,25,153.24,0.102,131,0,1053,standard,partner,728,1
S0105,17,shoes,4806,0.234,91,52.82,0.05,124,1,0,standard,referral,968,1
S0106,9,underwear,7352,0.224,31,237.17,0.199,420,2,2085,standard,paid_campaign,1078,1
S0107,16,dresses,21826,0.145,106,205.91,0.25,1189,15,1859,negotiated,organic,684,1
S0108,24,outerwear,3833,0.237,14,273.79,0.059,66,1,630,standard,paid_campaign,744,1
S0109,8,jewelry,5809,0.21,17,341.68,0.05,74,2,296,standard,organic,987,1
S0110,4,jewelry,3626,0.221,11,329.64,0.119,115,0,1821,standard,paid_campaign,579,1
S0111,3,dresses,1581,0.229,5,316.11,0.128,56,1,0,standard,paid_campaign,236,1
S0112,25,bags,7390,0.207,19,388.96,0.102,185,0,2448,standard,paid_campaign,1317,1
S0113,20,accessories,5039,0.207,26,193.82,0.146,209,2,406,standard,paid_campaign,685,1
S0114,2,shoes,2792,0.206,44,63.46,0.146,180,0,1840,standard,organic,388,1
S0115,9,accessories,18982,0.21,176,107.85,0.173,1146,0,662,standard,paid_campaign,2757,1
S0116,27,outerwear,2741,0.227,20,137.07,0.168,155,1,0,standard,organic,412,0
S0117,34,underwear,18257,0.217,137,133.26,0.225,1354,1,0,standard,organic,2418,1
S0118,27,jewelry,8271,0.234,42,196.93,0.151,387,1,446,standard,paid_campaign,1502,1
S0119,36,shoes,7618,0.211,83,91.78,0.125,357,2,195,standard,organic,1049,1
S0120,14,jewelry,8182,0.208,35,233.77,0.163,363,2,0,standard,paid_campaign,1119,1
S0121,31,jewelry,17909,0.15,81,221.09,0.05,195,14,1677,negotiated,organic,1313,1
S0122,22,accessories,36863,0.212,172,214.32,0.183,1902,0,1012,standard,organic,5593,0
S0123,4,jewelry,8873,0.232,20,443.67,0.121,285,0,0,standard,paid_campaign,1796,1
S0124,31,jewelry,2177,0.203,14,155.51,0.05,33,0,0,standard,referral,397,1
S0125,13,outerwear,5530,0.22,29,190.68,0.178,294,2,2035,standard,paid_campaign,739,1
S0126,4,dresses,5386,0.228,17,316.8,0.233,346,1,2135,standard,paid_campaign,692,1
S0127,31,accessories,8689,0.239,37,234.83,0.201,529,0,2306,standard,organic,1538,1
S0128,26,underwear,16605,0.147,102,162.79,0.216,858,10,4679,negotiated,organic,752,1
S0129,4,shoes,7907,0.215,82,96.43,0.05,147,2,0,standard,organic,1394,1
S0130,15,sportswear,30820,0.153,226,136.37,0.266,2156,15,633,negotiated,partner,1218,1
S0131,10,sportswear,2040,0.232,18,113.34,0.129,96,2,0,standard,referral,183,1
S0132,21,bags,21523,0.14,73,294.83,0.242,994,10,2439,negotiated,organic,1185,1
S0133,18,outerwear,37948,0.167,157,241.71,0.371,3225,12,3074,negotiated,organic,1971,1
S0134,20,jewelry,23562,0.145,53,444.56,0.17,716,12,3744,negotiated,paid_campaign,1655,1
S0135,31,underwear,3158,0.233,13,242.91,0.05,47,2,427,standard,organic,476,0
S0136,13,bags,10570,0.223,31,340.97,0.05,141,0,773,standard,paid_campaign,2172,1
S0137,32,shoes,12826,0.228,116,110.57,0.211,984,1,2095,standard,organic,1803,1
S0138,24,bags,3040,0.218,7,434.3,0.05,38,2,1062,standard,referral,437,1
S0139,28,bags,2399,0.227,13,184.51,0.122,90,0,206,standard,organic,420,1
S0140,10,bags,40601,0.168,256,158.6,0.25,2665,12,2506,negotiated,organic,3070,1
S0141,8,jewelry,4321,0.208,16,270.08,0.054,61,1,334,standard,organic,741,1
S0142,28,jewelry,40399,0.151,88,459.08,0.264,1959,15,3019,negotiated,referral,2769,1
S0143,8,outerwear,2892,0.232,8,361.54,0.08,63,2,0,standard,organic,374,1
S0144,20,jewelry,31204,0.146,81,385.24,0.197,1137,8,2066,negotiated,paid_campaign,2656,1
S0145,32,bags,17665,0.14,47,375.84,0.156,496,9,2799,negotiated,referral,1217,0
S0146,36,dresses,4913,0.213,19,258.59,0.153,204,1,2177,standard,paid_campaign,679,1
S0147,11,dresses,12806,0.203,46,278.38,0.172,566,0,629,standard,referral,1901,1
S0148,14,dresses,4312,0.211,29,148.68,0.141,190,2,980,standard,partner,565,1
S0149,23,accessories,5850,0.233,34,172.05,0.113,212,1,382,standard,partner,1037,1
S0150,33,sportswear,12267,0.221,66,185.86,0.134,496,2,877,standard,partner,2027,1
S0151,5,sportswear,1130,0.233,5,226.03,0.053,18,2,441,standard,paid_campaign,97,1
S0152,6,jewelry,25457,0.177,82,310.46,0.232,1331,16,2546,negotiated,referral,1786,1
S0153,9,underwear,1029,0.209,7,147.07,0.095,30,1,1287,standard,paid_campaign,116,1
S0154,28,outerwear,29347,0.14,187,156.94,0.278,1922,19,573,negotiated,referral,657,1
S0155,15,outerwear,14518,0.14,99,146.65,0.314,1105,16,3490,negotiated,organic,-381,1
S0156,28,underwear,8908,0.145,93,95.79,0.176,473,19,542,negotiated,paid_campaign,-665,1
S0157,5,outerwear,32674,0.155,267,122.37,0.258,2340,14,1117,negotiated,paid_campaign,1493,1
S0158,8,accessories,10398,0.206,82,126.81,0.141,475,1,1162,standard,paid_campaign,1530,0
S0159,20,sportswear,20090,0.143,229,87.73,0.208,1312,7,1617,negotiated,paid_campaign,941,1
S0160,1,jewelry,19075,0.21,40,476.87,0.13,599,1,0,standard,partner,3234,1
S0161,3,shoes,51064,0.155,213,239.74,0.354,3933,10,3932,negotiated,partner,3005,1
S0162,33,outerwear,16498,0.217,42,392.81,0.178,749,1,0,standard,partner,2603,1
S0163,4,bags,12788,0.171,27,473.62,0.137,355,7,1896,negotiated,organic,1221,1
S0164,23,outerwear,26711,0.154,83,321.81,0.259,1388,10,1037,negotiated,referral,1877,1
S0165,11,underwear,36137,0.143,512,70.58,0.369,4741,7,2733,negotiated,organic,-295,1
S0166,12,jewelry,6302,0.202,14,450.12,0.05,74,0,0,standard,partner,1130,1
S0167,4,shoes,7802,0.213,37,210.87,0.076,168,1,868,standard,organic,1389,0
S0168,20,dresses,2443,0.211,13,187.92,0.086,61,1,1427,standard,referral,318,1
S0169,1,bags,9332,0.232,62,150.51,0.172,532,0,0,standard,partner,1582,1
S0170,34,outerwear,5932,0.221,16,370.76,0.203,315,0,2407,standard,paid_campaign,974,1
S0171,16,dresses,43239,0.151,114,379.29,0.286,2356,17,837,negotiated,partner,2702,1
S0172,7,accessories,38620,0.158,466,82.87,0.319,4176,12,836,negotiated,organic,745,1
S0173,3,shoes,18148,0.208,82,221.31,0.251,1256,1,2146,standard,organic,2409,1
S0174,29,outerwear,12880,0.202,47,274.03,0.221,731,1,0,standard,paid_campaign,1813,1
S0175,6,bags,8661,0.202,36,240.59,0.052,119,0,0,standard,paid_campaign,1560,1
S0176,28,jewelry,46973,0.14,293,160.32,0.362,3972,15,1051,negotiated,paid_campaign,1294,1
S0177,36,accessories,2904,0.211,43,67.54,0.051,64,0,0,standard,paid_campaign,491,1
S0178,35,dresses,20322,0.155,73,278.38,0.386,1639,12,3338,negotiated,organic,476,1
S0179,4,outerwear,2698,0.219,7,385.38,0.199,138,1,2499,standard,referral,439,1
S0180,2,underwear,48255,0.177,401,120.34,0.328,4774,10,1292,negotiated,referral,2693,1
S0181,31,accessories,60225,0.142,667,90.29,0.367,6810,6,906,negotiated,partner,1002,1
S0182,22,underwear,17004,0.231,220,77.29,0.188,1359,2,2405,standard,organic,2372,1
S0183,26,sportswear,35152,0.146,215,163.5,0.404,3376,10,2203,negotiated,referral,805,1
S0184,11,shoes,16255,0.226,67,242.62,0.131,613,0,438,standard,paid_campaign,2974,1
S0185,7,accessories,42575,0.153,714,59.63,0.27,4651,5,1693,negotiated,referral,1315,1
S0186,15,jewelry,1231,0.235,7,175.8,0.084,33,1,343,standard,organic,208,1
S0187,28,jewelry,1854,0.222,10,185.44,0.118,66,0,2465,standard,organic,255,1
S0188,26,sportswear,10493,0.155,130,80.72,0.129,461,22,1694,negotiated,referral,-512,1
S0189,6,dresses,23918,0.166,157,152.34,0.287,1815,20,1399,negotiated,paid_campaign,551,1
S0190,17,bags,10414,0.226,43,242.19,0.074,222,1,0,standard,paid_campaign,2015,1
S0191,34,accessories,786,0.204,5,157.1,0.05,12,2,1399,standard,paid_campaign,-15,1
S0192,12,outerwear,12844,0.203,77,166.81,0.228,858,2,0,standard,partner,1532,1
S0193,36,shoes,6841,0.233,65,105.24,0.146,375,0,719,standard,organic,1167,1
S0194,7,outerwear,13878,0.221,50,277.55,0.209,798,1,0,standard,partner,2082,1
S0195,10,jewelry,5436,0.216,14,388.28,0.119,165,1,1473,standard,paid_campaign,913,1
S0196,32,dresses,22135,0.202,71,311.76,0.246,1362,1,2253,standard,partner,2938,0
S0197,29,bags,2192,0.231,5,438.39,0.058,34,1,0,standard,organic,418,1
S0198,13,dresses,6645,0.212,35,189.86,0.185,358,2,1973,standard,referral,860,1
S0199,31,accessories,8684,0.146,105,82.7,0.104,296,8,3565,negotiated,organic,335,1
S0200,14,accessories,43208,0.142,800,54.01,0.366,6638,17,723,negotiated,paid_campaign,-1935,1
S0201,17,sportswear,7951,0.2,72,110.43,0.125,334,1,2363,standard,organic,1154,1
S0202,5,sportswear,5686,0.24,54,105.3,0.101,220,1,1525,standard,organic,1047,1
S0203,32,bags,4575,0.221,19,240.8,0.121,157,0,2033,standard,partner,807,1
S0204,33,jewelry,4609,0.229,22,209.5,0.143,198,0,1632,standard,organic,832,1
S0205,6,outerwear,2373,0.23,13,182.53,0.21,156,2,1931,standard,organic,254,1
S0206,8,shoes,10486,0.223,83,126.33,0.076,272,1,1229,standard,partner,1907,1
S0207,6,jewelry,10755,0.208,29,370.86,0.193,516,1,2243,standard,paid_campaign,1603,1
S0208,28,shoes,11279,0.14,196,57.55,0.2,904,10,2703,negotiated,paid_campaign,-115,1
S0209,23,dresses,1636,0.233,11,148.76,0.089,49,0,0,standard,organic,280,1
S0210,32,underwear,21566,0.14,90,239.62,0.133,581,14,2552,negotiated,organic,1270,1
S0211,24,dresses,22055,0.153,98,225.05,0.239,1158,9,1450,negotiated,referral,1522,1
S0212,8,dresses,46521,0.164,184,252.83,0.515,5351,6,3479,negotiated,paid_campaign,1638,1
S0213,33,outerwear,7036,0.226,46,152.97,0.05,114,2,1595,standard,referral,1305,1
S0214,36,accessories,17274,0.14,73,236.62,0.158,555,13,4242,negotiated,organic,786,1
S0215,30,shoes,49470,0.206,453,109.2,0.346,5877,0,280,standard,partner,4078,1
S0216,3,underwear,16546,0.142,213,77.68,0.195,1081,14,2121,negotiated,organic,177,1
S0217,25,bags,2539,0.215,8,317.39,0.05,33,1,0,standard,referral,414,1
S0218,29,outerwear,38571,0.14,175,220.41,0.471,3780,6,4917,negotiated,paid_campaign,933,1
S0219,22,accessories,2064,0.202,11,187.65,0.155,90,1,130,standard,paid_campaign,166,1
S0220,31,dresses,8722,0.227,24,363.44,0.334,782,2,2114,standard,partner,947,1
S0221,32,jewelry,1341,0.226,7,191.55,0.086,35,1,289,standard,paid_campaign,146,1
S0222,30,sportswear,1717,0.222,14,122.67,0.202,119,0,2000,standard,partner,229,1
S0223,15,jewelry,5760,0.225,21,274.3,0.14,226,1,972,standard,organic,953,1
S0224,27,outerwear,44163,0.148,256,172.51,0.282,2926,8,706,negotiated,paid_campaign,2760,0
S0225,33,shoes,2995,0.229,20,149.77,0.087,86,0,212,standard,organic,607,1
S0226,21,outerwear,30285,0.237,133,227.71,0.337,3091,0,517,standard,paid_campaign,3936,0
S0227,33,bags,5142,0.239,13,395.52,0.05,71,1,420,standard,organic,1094,1
S0228,33,outerwear,28382,0.152,89,318.9,0.425,2401,14,3590,negotiated,paid_campaign,737,1
S0229,7,sportswear,28068,0.178,355,79.07,0.305,3148,18,3534,negotiated,organic,375,1
S0230,35,dresses,5567,0.211,16,347.93,0.137,194,1,0,standard,organic,832,1
S0231,21,dresses,25930,0.152,79,328.23,0.418,2143,14,3618,negotiated,organic,688,1
S0232,19,accessories,7647,0.209,31,246.69,0.146,301,2,1654,standard,paid_campaign,1065,1
S0233,10,sportswear,6836,0.202,29,235.73,0.172,312,1,412,standard,organic,909,1
S0234,12,underwear,47461,0.174,229,207.25,0.416,4864,14,2707,negotiated,paid_campaign,2120,1
S0235,31,accessories,3651,0.235,17,214.74,0.157,175,2,966,standard,partner,512,0
S0236,8,dresses,35807,0.236,132,271.27,0.353,3682,2,685,standard,paid_campaign,4407,1
S0237,7,accessories,9650,0.232,40,241.26,0.108,307,1,811,standard,organic,1841,1
S0238,28,accessories,47253,0.16,237,199.38,0.314,3490,18,4260,negotiated,partner,2454,1
S0239,29,accessories,3552,0.202,26,136.61,0.133,147,1,1480,standard,paid_campaign,458,1
S0240,19,shoes,6065,0.225,55,110.27,0.05,109,2,1782,standard,referral,1015,1
S0241,35,accessories,4951,0.226,28,176.81,0.124,191,1,0,standard,organic,812,1
S0242,33,underwear,6683,0.222,77,86.8,0.119,314,0,1896,standard,organic,1189,1
S0243,17,jewelry,2020,0.223,5,403.96,0.115,60,0,2338,standard,organic,389,1
S0244,20,accessories,1690,0.204,21,80.48,0.054,36,2,0,standard,referral,127,1
S0245,31,underwear,17109,0.159,154,111.09,0.199,1001,18,1745,negotiated,paid_campaign,284,1
S0246,5,accessories,14515,0.174,66,219.92,0.157,552,9,4511,negotiated,partner,1312,1
S0247,10,sportswear,46763,0.171,494,94.66,0.221,3405,11,4578,negotiated,paid_campaign,3528,1
S0248,11,accessories,2498,0.22,32,78.07,0.138,142,1,125,standard,referral,276,1
S0249,17,accessories,9018,0.206,154,58.56,0.119,496,2,961,standard,paid_campaign,1188,1
S0250,34,dresses,42933,0.144,131,327.73,0.526,4285,19,4467,negotiated,organic,244,1
S0251,23,accessories,3807,0.224,26,146.42,0.05,62,0,1003,standard,paid_campaign,735,1
S0252,8,sportswear,25388,0.147,191,132.92,0.274,1808,7,2815,negotiated,referral,1255,1
S0253,9,dresses,7989,0.224,61,130.97,0.202,546,2,154,standard,paid_campaign,1081,1
S0254,6,dresses,13332,0.147,46,289.83,0.339,898,17,3197,negotiated,organic,-290,1
S0255,30,sportswear,3188,0.206,50,63.77,0.131,184,2,537,standard,paid_campaign,329,1
S0256,35,shoes,14222,0.207,62,229.39,0.259,1003,2,2207,standard,referral,1697,1
S0257,7,jewelry,4064,0.202,17,239.08,0.151,162,2,2352,standard,paid_campaign,466,1
S0258,1,dresses,1065,0.222,6,177.52,0.089,29,1,0,standard,paid_campaign,103,1
S0259,26,underwear,796,0.223,6,132.65,0.05,13,1,1117,standard,referral,139,1
S0260,8,bags,1532,0.21,5,306.31,0.074,29,1,1958,standard,referral,179,1
S0261,1,dresses,6309,0.214,18,350.51,0.19,308,2,1743,standard,referral,856,1
S0262,26,dresses,23624,0.14,74,319.25,0.283,1250,16,860,negotiated,paid_campaign,712,1
S0263,15,dresses,29577,0.14,134,220.73,0.34,2091,21,1787,negotiated,referral,202,1
S0264,19,dresses,17560,0.151,62,283.22,0.266,953,17,3137,negotiated,paid_campaign,341,1
S0265,8,shoes,4344,0.2,18,241.34,0.05,57,0,356,standard,referral,666,1
S0266,30,underwear,6227,0.239,28,222.4,0.151,288,2,684,standard,partner,976,1
S0267,35,underwear,3030,0.209,14,216.44,0.05,42,2,0,standard,organic,443,1
S0268,16,accessories,50619,0.14,559,90.55,0.293,4533,13,1323,negotiated,organic,1334,1
S0269,3,dresses,1568,0.237,7,223.94,0.129,61,2,1282,standard,referral,156,1
S0270,34,accessories,26886,0.14,170,158.15,0.208,1313,21,1761,negotiated,paid_campaign,706,1
S0271,7,dresses,6415,0.239,22,291.58,0.183,341,2,858,standard,organic,981,1
S0272,24,bags,4934,0.225,17,290.21,0.098,134,1,0,standard,paid_campaign,886,1
S0273,31,outerwear,17962,0.232,106,169.45,0.239,1376,2,1014,standard,referral,2507,1
S0274,4,dresses,12619,0.229,66,191.2,0.126,489,1,1449,standard,organic,2261,1
S0275,13,dresses,8153,0.214,27,301.96,0.115,247,2,719,standard,paid_campaign,1362,1
S0276,11,sportswear,4007,0.22,17,235.71,0.05,57,2,288,standard,paid_campaign,682,1
S0277,26,underwear,695,0.203,5,138.98,0.05,11,1,0,standard,organic,52,1
S0278,6,sportswear,4012,0.201,31,129.41,0.174,221,2,0,standard,organic,376,1
S0279,25,shoes,51281,0.14,480,106.84,0.38,5464,17,2858,negotiated,organic,182,1
S0280,35,sportswear,19833,0.213,117,169.52,0.241,1441,1,2190,standard,organic,2531,1
S0281,6,underwear,32637,0.161,265,123.16,0.186,1717,22,1893,negotiated,paid_campaign,1720,1
S0282,19,jewelry,12866,0.219,30,428.87,0.072,235,0,1281,standard,paid_campaign,2522,1
S0283,16,bags,12040,0.21,28,429.99,0.123,363,2,1035,standard,paid_campaign,2022,1
S0284,29,outerwear,2649,0.221,9,294.37,0.172,124,1,2148,standard,organic,432,1
S0285,15,outerwear,18991,0.207,153,124.12,0.201,1251,0,0,standard,organic,2554,1
S0286,5,outerwear,10251,0.215,60,170.85,0.234,726,2,893,standard,paid_campaign,1336,1
S0287,13,jewelry,10916,0.239,26,419.85,0.079,237,2,0,standard,paid_campaign,2152,1
S0288,8,dresses,2390,0.212,8,298.79,0.131,82,1,0,standard,organic,339,1
S0289,16,sportswear,8585,0.205,147,58.4,0.083,329,2,136,standard,organic,1210,1
S0290,4,jewelry,24790,0.155,66,375.6,0.216,1044,7,1619,negotiated,organic,2141,1
S0291,9,jewelry,2457,0.239,15,163.82,0.117,95,2,2033,standard,organic,351,1
S0292,36,underwear,27276,0.152,195,139.88,0.266,1881,10,2946,negotiated,paid_campaign,1372,1
S0293,16,outerwear,24621,0.161,63,390.81,0.361,1772,21,2206,negotiated,organic,527,1
S0294,3,shoes,13064,0.206,172,75.95,0.18,949,1,1638,standard,referral,1532,1
S0295,5,sportswear,5153,0.223,22,234.21,0.138,204,1,1362,standard,organic,848,1
S0296,18,bags,7326,0.226,18,407.01,0.188,362,1,2352,standard,paid_campaign,1189,1
S0297,36,accessories,1729,0.204,13,133.04,0.05,27,0,555,standard,referral,344,1
S0298,11,outerwear,28222,0.158,98,287.98,0.355,2105,18,4473,negotiated,paid_campaign,883,0
S0299,17,accessories,10677,0.225,76,140.48,0.076,269,2,678,standard,paid_campaign,1891,0
S0300,21,sportswear,19724,0.201,92,214.39,0.224,1197,0,824,standard,organic,2660,1
S0301,24,jewelry,6174,0.237,26,237.45,0.065,120,0,0,standard,partner,1372,1
S0302,7,outerwear,6123,0.209,30,204.11,0.115,199,0,2003,standard,paid_campaign,1082,1
S0303,1,accessories,6352,0.233,36,176.44,0.11,222,1,389,standard,paid_campaign,1141,1
S0304,29,accessories,26186,0.146,385,68.02,0.323,3100,15,2761,negotiated,paid_campaign,-554,1
S0305,28,dresses,33130,0.14,210,157.76,0.357,2780,20,3071,negotiated,organic,175,1
S0306,6,sportswear,5574,0.225,42,132.72,0.12,226,2,682,standard,organic,872,1
S0307,15,jewelry,1685,0.231,6,280.84,0.05,24,0,1579,standard,organic,415,1
S0308,10,sportswear,1653,0.201,9,183.65,0.05,23,0,609,standard,referral,314,1
S0309,5,dresses,5683,0.202,29,195.97,0.05,79,0,1583,standard,paid_campaign,1054,1
S0310,6,underwear,17565,0.209,117,150.13,0.083,450,1,1803,standard,organic,3119,1
S0311,33,underwear,5429,0.216,87,62.4,0.065,161,0,0,standard,organic,1022,1
S0312,15,bags,2454,0.216,7,350.51,0.05,32,0,0,standard,paid_campaign,423,1
S0313,34,accessories,5713,0.205,42,136.01,0.129,232,2,0,standard,partner,720,1
S0314,10,shoes,50772,0.163,250,203.09,0.321,3860,10,1929,negotiated,referral,3363,1
S0315,18,accessories,22344,0.144,132,169.27,0.206,1071,13,1184,negotiated,paid_campaign,1092,1
S0316,11,underwear,33190,0.174,588,56.45,0.297,4335,20,3704,negotiated,organic,-250,1
S0317,21,jewelry,20729,0.23,45,460.66,0.194,1056,0,259,standard,partner,3603,1
S0318,3,dresses,10195,0.229,54,188.8,0.122,384,1,1882,standard,partner,1837,1
S0319,19,jewelry,2681,0.231,9,297.86,0.05,38,0,0,standard,paid_campaign,637,1
S0320,35,shoes,5839,0.233,44,132.71,0.113,228,1,0,standard,organic,1030,1
S0321,11,shoes,13298,0.169,178,74.71,0.195,959,11,4471,negotiated,referral,407,1
S0322,22,bags,3808,0.215,10,380.84,0.112,109,2,484,standard,paid_campaign,449,1
S0323,9,jewelry,37204,0.168,246,151.24,0.205,2038,18,1886,negotiated,partner,2655,1
S0324,1,jewelry,25276,0.164,74,341.57,0.111,583,20,1570,negotiated,organic,1957,1
S0325,20,underwear,33305,0.14,464,71.78,0.32,3719,9,748,negotiated,organic,137,0
S0326,3,jewelry,1274,0.228,5,254.75,0.068,25,2,526,standard,organic,132,1
S0327,18,jewelry,23462,0.147,105,223.45,0.203,1020,22,792,negotiated,paid_campaign,698,1
S0328,23,sportswear,5877,0.229,34,172.86,0.093,173,2,2467,standard,partner,991,1
S0329,14,dresses,6395,0.235,16,399.72,0.247,431,0,2450,standard,referral,1061,1
S0330,21,shoes,6476,0.2,89,72.77,0.068,179,0,711,standard,referral,1139,1
S0331,9,jewelry,18106,0.233,49,369.52,0.219,1085,0,911,standard,paid_campaign,3058,1
S0332,36,sportswear,1650,0.217,18,91.65,0.05,31,2,0,standard,paid_campaign,250,1
S0333,25,bags,8781,0.239,46,190.9,0.05,139,1,914,standard,organic,1863,1
S0334,20,jewelry,7193,0.16,38,189.28,0.198,341,13,2362,negotiated,organic,-273,1
S0335,34,underwear,22836,0.15,112,203.9,0.251,1281,21,1193,negotiated,organic,467,1
S0336,6,shoes,20050,0.208,88,227.84,0.268,1471,0,1813,standard,organic,2620,1
S0337,8,sportswear,11654,0.208,143,81.5,0.059,270,0,0,standard,organic,2079,1
S0338,20,sportswear,5181,0.222,44,117.75,0.08,145,2,440,standard,paid_campaign,839,1
S0339,29,bags,5965,0.204,23,259.35,0.116,181,0,0,standard,paid_campaign,982,1
S0340,30,jewelry,8669,0.239,18,481.61,0.126,295,1,323,standard,paid_campaign,1704,1
S0341,2,underwear,38756,0.155,534,72.58,0.332,4654,10,3648,negotiated,organic,420,1
S0342,20,shoes,4165,0.223,32,130.16,0.05,70,2,0,standard,paid_campaign,713,1
S0343,22,bags,18612,0.215,80,232.65,0.173,900,1,0,standard,paid_campaign,2842,1
S0344,26,shoes,16646,0.219,232,71.75,0.151,1076,2,881,standard,organic,2312,1
S0345,1,outerwear,1525,0.226,5,305.05,0.195,82,0,0,standard,referral,275,1
S0346,28,underwear,17612,0.142,71,248.06,0.177,631,11,3567,negotiated,partner,976,1
S0347,23,dresses,5374,0.234,27,199.02,0.204,339,0,1417,standard,organic,876,1
S0348,25,outerwear,6626,0.228,30,220.88,0.1,196,1,1408,standard,referral,1226,1
S0349,28,dresses,9188,0.14,58,158.42,0.223,481,5,823,negotiated,organic,356,1
S0350,1,underwear,20839,0.218,95,219.36,0.168,1003,1,1180,standard,paid_campaign,3381,1
S0351,6,shoes,2551,0.215,13,196.26,0.05,37,0,1792,standard,organic,465,0
S0352,20,shoes,23237,0.161,148,157.01,0.146,870,7,1604,negotiated,partner,2258,1
S0353,20,sportswear,16762,0.213,103,162.74,0.264,1350,1,2016,standard,referral,2129,1
S0354,18,dresses,24633,0.14,125,197.06,0.329,1751,14,4140,negotiated,paid_campaign,554,1
S0355,34,sportswear,19564,0.23,165,118.57,0.236,1646,2,2039,standard,partner,2583,1
S0356,23,outerwear,3687,0.231,19,194.03,0.124,141,0,1842,standard,organic,661,1
S0357,28,bags,4745,0.219,10,474.53,0.06,71,2,0,standard,organic,820,1
S0358,30,shoes,2997,0.234,15,199.82,0.068,63,1,0,standard,referral,560,1
S0359,1,dresses,25105,0.153,94,267.07,0.257,1350,10,1910,negotiated,paid_campaign,1598,1
S0360,8,accessories,6667,0.201,39,170.94,0.174,335,2,0,standard,organic,873,1
S0361,30,jewelry,11843,0.207,48,246.73,0.099,314,0,708,standard,partner,2097,1
S0362,4,dresses,9037,0.206,26,347.58,0.126,284,0,0,standard,organic,1530,1
S0363,29,bags,17552,0.15,100,175.52,0.158,653,8,1147,negotiated,organic,1173,1
S0364,22,dresses,1685,0.206,6,280.9,0.1,44,2,0,standard,partner,117,1
S0365,23,jewelry,5888,0.234,23,255.99,0.123,212,0,108,standard,organic,1151,1
S0366,13,jewelry,5896,0.234,36,163.77,0.088,169,1,0,standard,organic,1086,1
S0367,16,dresses,7295,0.203,53,137.64,0.175,398,2,555,standard,paid_campaign,949,1
S0368,26,dresses,8650,0.218,25,345.99,0.105,237,0,0,standard,organic,1592,1
S0369,2,accessories,22192,0.175,95,233.6,0.232,1232,9,3835,negotiated,paid_campaign,1927,1
S0370,7,shoes,30588,0.147,181,169.0,0.229,1651,6,4571,negotiated,organic,2235,1
S0371,14,outerwear,17971,0.14,84,213.94,0.134,506,17,1959,negotiated,paid_campaign,598,1
S0372,25,dresses,4353,0.222,35,124.38,0.186,277,1,0,standard,referral,496,1
S0373,34,jewelry,22673,0.226,97,233.74,0.207,1362,1,2038,standard,paid_campaign,3561,1
S0374,13,underwear,7958,0.224,51,156.04,0.05,127,0,1978,standard,organic,1582,1
S0375,31,accessories,15948,0.149,68,234.53,0.211,717,12,2589,negotiated,organic,625,1
S0376,2,dresses,2897,0.225,19,152.5,0.151,141,1,0,standard,paid_campaign,359,1
S0377,27,shoes,6130,0.208,49,125.11,0.078,157,2,652,standard,partner,905,1
S0378,23,outerwear,4239,0.206,24,176.62,0.084,104,2,1030,standard,partner,669,1
S0379,11,sportswear,9954,0.207,62,160.55,0.068,203,1,0,standard,paid_campaign,1697,1
S0380,21,bags,5013,0.209,22,227.84,0.091,125,1,770,standard,paid_campaign,827,0
S0381,7,bags,4684,0.24,20,234.18,0.05,71,2,181,standard,paid_campaign,839,1
S0382,2,sportswear,21556,0.226,151,142.75,0.224,1599,0,0,standard,partner,3131,1
S0383,18,underwear,8108,0.2,47,172.5,0.064,149,2,0,standard,referral,1240,1
S0384,4,dresses,10896,0.165,49,222.37,0.122,309,15,3811,negotiated,organic,348,1
S0385,31,underwear,2405,0.203,12,200.46,0.077,51,2,432,standard,referral,281,1
S0386,32,dresses,18318,0.213,52,352.28,0.273,1278,1,1115,standard,paid_campaign,2510,1
S0387,26,shoes,5491,0.227,51,107.67,0.156,314,2,2358,standard,partner,784,0
S0388,9,sportswear,2546,0.22,19,134.03,0.05,42,0,1605,standard,paid_campaign,503,1
S0389,20,jewelry,30848,0.223,128,241.0,0.125,1100,2,883,standard,organic,5411,1
S0390,10,outerwear,12983,0.158,85,152.74,0.246,818,10,3284,negotiated,organic,361,0
S0391,29,underwear,4374,0.208,53,82.52,0.115,196,2,0,standard,paid_campaign,518,1
S0392,19,underwear,3213,0.206,16,200.83,0.059,53,1,475,standard,partner,579,0
S0393,36,shoes,49102,0.162,283,173.5,0.316,3855,19,2024,negotiated,organic,2432,1
S0394,6,accessories,19612,0.164,141,139.09,0.231,1232,11,3125,negotiated,paid_campaign,1006,1
S0395,28,dresses,11583,0.14,58,199.7,0.266,663,15,3214,negotiated,paid_campaign,-188,1
S0396,6,bags,6659,0.24,26,256.13,0.098,195,1,0,standard,organic,1309,0
S0397,12,bags,24314,0.177,61,398.59,0.163,851,17,898,negotiated,paid_campaign,2049,1
S0398,30,sportswear,16727,0.147,207,80.8,0.253,1408,22,2708,negotiated,referral,-661,1
S0399,32,accessories,6081,0.227,96,63.34,0.184,519,1,1281,standard,partner,759,1
S0400,11,underwear,9032,0.225,114,79.23,0.122,457,1,2064,standard,paid_campaign,1466,1
S0401,5,sportswear,5489,0.214,27,203.29,0.082,130,2,954,standard,paid_campaign,915,1
S0402,10,underwear,34107,0.173,222,153.63,0.28,2584,14,1722,negotiated,organic,2071,1
S0403,9,shoes,1313,0.204,9,145.9,0.086,35,0,2096,standard,partner,288,1
S0404,8,underwear,13946,0.176,63,221.36,0.216,734,21,3936,negotiated,organic,54,1
S0405,3,dresses,1809,0.203,14,129.18,0.135,78,2,368,standard,organic,115,1
S0406,13,shoes,3128,0.202,26,120.31,0.106,108,1,1911,standard,organic,462,1
S0407,1,accessories,45007,0.146,233,193.16,0.35,3523,21,4014,negotiated,paid_campaign,1206,0
S0408,7,jewelry,9322,0.14,34,274.19,0.102,185,8,4659,negotiated,organic,420,1
S0409,24,shoes,18134,0.14,312,58.12,0.086,621,15,1056,negotiated,paid_campaign,593,1
S0410,13,bags,6947,0.212,15,463.16,0.053,90,1,0,standard,partner,1259,1
S0411,7,outerwear,11096,0.216,30,369.88,0.089,253,2,304,standard,referral,1919,1
S0412,18,bags,2152,0.234,5,430.34,0.075,43,1,0,standard,referral,348,0
S0413,5,outerwear,2422,0.205,19,127.49,0.184,144,1,1608,standard,paid_campaign,342,1
S0414,32,jewelry,2899,0.225,12,241.58,0.082,68,0,1348,standard,paid_campaign,581,1
S0415,30,jewelry,17164,0.201,81,211.9,0.107,499,1,386,standard,organic,2776,1
S0416,35,shoes,14357,0.14,65,220.87,0.135,403,17,2694,negotiated,paid_campaign,286,1
S0417,24,dresses,3933,0.225,12,327.78,0.145,154,1,783,standard,organic,552,1
S0418,6,accessories,4480,0.214,71,63.1,0.091,184,1,235,standard,partner,656,1
S0419,21,sportswear,2177,0.218,17,128.06,0.176,128,1,2263,standard,paid_campaign,245,1
S0420,13,underwear,34226,0.155,165,207.43,0.326,2536,15,2735,negotiated,referral,1447,1
S0421,22,shoes,2613,0.24,16,163.29,0.066,57,1,1599,standard,organic,458,1
S0422,33,underwear,5067,0.233,25,202.69,0.101,157,2,1139,standard,paid_campaign,789,1
S0423,28,jewelry,52561,0.223,130,404.32,0.331,4525,0,2077,standard,partner,6903,1
S0424,18,shoes,3405,0.23,19,179.21,0.05,53,1,1085,standard,referral,614,1
S0425,3,jewelry,3682,0.208,15,245.45,0.05,50,0,845,standard,organic,679,1
S0426,21,jewelry,34425,0.148,74,465.2,0.285,1768,6,4837,negotiated,partner,2744,1
S0427,34,shoes,17571,0.14,180,97.62,0.05,258,9,1562,negotiated,partner,1520,1
S0428,29,accessories,3561,0.216,16,222.58,0.183,185,2,2345,standard,paid_campaign,419,1
S0429,24,accessories,27239,0.14,244,111.63,0.386,2885,22,2407,negotiated,paid_campaign,-834,1
S0430,1,shoes,2958,0.226,23,128.6,0.102,103,2,2049,standard,partner,412,0
S0431,32,bags,2062,0.236,7,294.54,0.125,74,1,2211,standard,paid_campaign,313,1
S0432,4,underwear,18217,0.22,210,86.75,0.141,1009,1,1850,standard,paid_campaign,2816,1
S0433,21,outerwear,1823,0.204,5,364.58,0.221,99,0,2427,standard,paid_campaign,269,1
S0434,15,bags,5215,0.211,33,158.04,0.191,305,0,537,standard,organic,786,1
S0435,17,outerwear,28665,0.14,171,167.63,0.338,2223,19,1392,negotiated,partner,159,1
S0436,18,accessories,33785,0.237,227,148.83,0.27,3081,2,639,standard,organic,4566,1
S0437,16,sportswear,3177,0.217,17,186.85,0.095,90,1,169,standard,paid_campaign,535,1
S0438,17,bags,17937,0.228,52,344.95,0.143,696,2,0,standard,organic,3142,1
S0439,25,dresses,4610,0.224,20,230.52,0.194,259,2,1536,standard,organic,657,1
S0440,17,outerwear,28045,0.153,180,155.8,0.384,2684,15,4451,negotiated,organic,372,1
S0441,29,jewelry,8081,0.211,40,202.02,0.098,226,1,496,standard,organic,1340,1
S0442,30,underwear,19725,0.217,90,219.17,0.225,1267,1,0,standard,paid_campaign,2899,1
S0443,12,accessories,36279,0.147,555,65.37,0.196,2677,21,4202,negotiated,paid_campaign,900,1
S0444,31,shoes,79524,0.14,471,168.84,0.471,8571,8,2274,negotiated,partner,1590,1
S0445,4,dresses,1366,0.229,5,273.2,0.13,50,2,0,standard,referral,106,1
S0446,19,accessories,5059,0.231,21,240.89,0.132,196,1,0,standard,paid_campaign,905,1
S0447,32,shoes,18887,0.237,148,127.62,0.18,1205,2,962,standard,paid_campaign,2973,1
S0448,15,dresses,1599,0.215,5,319.82,0.05,21,0,1122,standard,paid_campaign,333,0
S0449,20,outerwear,5862,0.219,22,266.47,0.204,329,0,1246,standard,referral,916,1
S0450,30,shoes,23146,0.159,180,128.59,0.235,1499,13,2100,negotiated,organic,1160,1
S0451,12,underwear,2218,0.218,9,246.44,0.217,134,2,2039,standard,organic,282,1
S0452,32,jewelry,4781,0.216,11,434.6,0.05,60,0,0,standard,organic,1000,1
S0453,2,dresses,6334,0.205,21,301.61,0.144,232,0,0,standard,organic,1015,1
S0454,8,jewelry,22368,0.172,110,203.35,0.18,990,11,887,negotiated,organic,1935,1
S0455,28,bags,3576,0.223,8,447.02,0.09,83,0,0,standard,partner,652,1
S0456,2,jewelry,5732,0.219,22,260.55,0.083,132,1,1839,standard,paid_campaign,1037,1
S0457,31,dresses,5365,0.22,29,184.99,0.173,279,2,1774,standard,organic,718,1
S0458,24,bags,2150,0.234,5,429.91,0.236,136,2,2220,standard,referral,139,1
S0459,27,outerwear,1291,0.227,5,258.24,0.082,30,0,0,standard,partner,287,1
S0460,15,shoes,2181,0.207,23,94.82,0.058,46,2,0,standard,organic,180,1
S0461,30,shoes,1810,0.235,9,201.15,0.102,57,1,2148,standard,partner,323,0
S0462,14,shoes,12781,0.204,157,81.41,0.131,650,2,0,standard,partner,1748,1
S0463,13,underwear,23030,0.158,113,203.81,0.16,853,8,1194,negotiated,paid_campaign,2112,1
S0464,27,accessories,3880,0.203,50,77.6,0.135,208,1,1096,standard,referral,432,1
S0465,5,dresses,3955,0.238,19,208.15,0.127,156,1,0,standard,organic,738,0
S0466,20,sportswear,9019,0.236,80,112.74,0.115,383,0,2452,standard,referral,1675,1
S0467,26,jewelry,26027,0.14,145,179.5,0.211,1228,11,4494,negotiated,partner,1498,1
S0468,35,outerwear,5440,0.209,29,187.58,0.227,357,2,1351,standard,paid_campaign,656,1
S0469,22,shoes,19081,0.14,77,247.8,0.114,436,6,3905,negotiated,referral,1688,1
S0470,16,outerwear,5292,0.224,20,264.61,0.12,178,1,0,standard,organic,951,1
S0471,14,dresses,4915,0.217,22,223.4,0.111,155,1,0,standard,paid_campaign,775,1
S0472,27,bags,29174,0.14,150,194.49,0.359,2274,13,3129,negotiated,organic,701,1
S0473,8,outerwear,19456,0.205,83,234.41,0.263,1376,0,178,standard,paid_campaign,2503,1
S0474,32,sportswear,2712,0.232,17,159.51,0.122,108,0,1112,standard,organic,498,1
S0475,30,outerwear,27614,0.218,90,306.82,0.284,2093,1,1241,standard,referral,3743,1
S0476,29,bags,1880,0.225,5,376.07,0.064,32,1,0,standard,referral,341,1
S0477,4,shoes,8644,0.228,56,154.35,0.121,340,2,1645,standard,partner,1452,1
S0478,21,jewelry,14254,0.211,86,165.74,0.169,726,0,0,standard,paid_campaign,2232,1
S0479,12,shoes,27782,0.234,409,67.93,0.148,1870,1,318,standard,organic,4464,1
S0480,10,dresses,22975,0.165,109,210.78,0.26,1411,15,1317,negotiated,paid_campaign,1144,1
S0481,21,bags,2340,0.23,8,292.48,0.117,77,2,0,standard,paid_campaign,292,1
S0482,10,shoes,5188,0.222,21,247.06,0.125,183,0,1076,standard,paid_campaign,897,1
S0483,31,sportswear,1503,0.218,15,100.18,0.103,57,0,2407,standard,organic,348,1
S0484,8,shoes,9166,0.234,47,195.01,0.084,239,1,0,standard,referral,1742,0
S0485,21,jewelry,4664,0.232,15,310.93,0.058,76,2,1624,standard,organic,871,1
S0486,5,jewelry,17109,0.167,37,462.4,0.218,744,18,3001,negotiated,paid_campaign,671,1
S0487,15,underwear,2824,0.215,14,201.68,0.132,108,2,399,standard,referral,278,1
S0488,14,jewelry,8406,0.209,17,494.49,0.169,340,1,188,standard,organic,1304,1
S0489,17,outerwear,16134,0.141,44,366.68,0.248,728,10,2983,negotiated,partner,681,1
S0490,4,jewelry,7891,0.141,30,263.05,0.208,325,22,3265,negotiated,partner,-923,1
S0491,21,accessories,2223,0.22,25,88.92,0.243,210,2,2221,standard,organic,206,1
S0492,7,underwear,14321,0.203,105,136.39,0.104,466,0,0,standard,organic,2391,1
S0493,29,accessories,2276,0.238,13,175.07,0.165,122,0,1347,standard,referral,370,1
S0494,28,jewelry,1936,0.203,5,387.15,0.127,59,0,0,standard,organic,359,1
S0495,28,dresses,4694,0.23,16,293.38,0.078,103,0,1990,standard,partner,968,1
S0496,13,dresses,9006,0.213,58,155.27,0.153,427,0,0,standard,partner,1486,1
S0497,23,sportswear,3860,0.207,17,227.04,0.052,55,0,245,standard,organic,722,1
S0498,36,outerwear,3811,0.215,16,238.18,0.167,177,0,1678,standard,partner,712,1
S0499,11,underwear,2027,0.228,9,225.22,0.05,30,1,895,standard,organic,339,1
S0500,26,underwear,18846,0.228,76,247.98,0.178,968,1,674,standard,organic,3113,1
